"date","dailyInfections","dailyHospitalizations","dailyCriticalCare","cumulativeInfections","cumulativeHospitalizations","cumulativeCriticalCare","LDLev","SD","UE"
2020-01-24,1,0,0,1,0,0,-1,0,0
2020-01-25,1,0,0,1,0,0,-1,0,0
2020-01-26,1,0,0,1,0,0,-1,0,0
2020-01-27,1,0,0,1,0,0,-1,0,0
2020-01-28,1,0,0,1,0,0,-1,0,0
2020-01-29,1,0,0,2,0,0,-1,0,0
2020-01-30,1,0,0,2,0,0,-1,0,0
2020-01-31,1,0,0,3,0,0,-1,0,0
2020-02-01,2,0,0,3,0,0,-1,0,0
2020-02-02,2,0,0,4,0,0,-1,0,0
2020-02-03,2,0,0,5,0,0,-1,0,0
2020-02-04,3,0,0,6,0,0,-1,0,0
2020-02-05,3,0,0,7,0,0,-1,0,0
2020-02-06,4,0,0,9,0,0,-1,0,0
2020-02-07,5,0,0,11,0,0,-1,0,0
2020-02-08,6,0,0,13,0,0,-1,0,0
2020-02-09,7,0,0,16,0,0,-1,0,0
2020-02-10,9,0,0,20,0,0,-1,0,0
2020-02-11,11,0,0,24,0,0,-1,0,0
2020-02-12,13,0,0,29,0,0,-1,0,0
2020-02-13,16,0,0,36,0,0,-1,0,0
2020-02-14,19,0,0,44,0,0,-1,0,0
2020-02-15,23,0,0,54,1,0,-1,0,0
2020-02-16,29,0,0,66,1,0,-1,0,0
2020-02-17,35,0,0,80,1,0,-1,0,0
2020-02-18,43,1,0,98,1,1,-1,0,0
2020-02-19,52,1,1,120,1,1,-1,0,0
2020-02-20,63,1,1,146,1,1,-1,0,0
2020-02-21,77,1,1,178,2,1,-1,0,0
2020-02-22,94,1,1,218,2,1,-1,0,0
2020-02-23,115,2,1,266,3,2,-1,0,0
2020-02-24,140,2,1,324,3,2,-1,0,0
2020-02-25,171,2,2,396,4,2,-1,0,0
2020-02-26,209,3,2,483,5,3,-1,0,0
2020-02-27,255,4,2,590,6,3,-1,0,0
2020-02-28,311,4,3,720,7,4,-1,0,0
2020-02-29,380,5,4,879,9,5,-1,0,0
2020-03-01,464,7,4,1072,11,6,-1,0,0
2020-03-02,566,8,5,1309,14,8,-1,0,0
2020-03-03,690,10,7,1597,16,9,-1,0,0
2020-03-04,842,12,8,1949,20,11,-1,0,0
2020-03-05,1028,14,10,2378,25,14,-1,0,0
2020-03-06,1239,18,12,2886,30,17,-1,0,0
2020-03-07,1471,21,15,3472,36,20,-1,0,0
2020-03-08,1734,26,18,4153,44,25,-1,0,0
2020-03-09,2036,31,21,4948,53,29,-1,0,0
2020-03-10,2386,37,25,5875,63,35,-1,0,0
2020-03-11,2794,43,30,6959,76,42,-1,0,0
2020-03-12,3269,51,36,8226,90,50,-1,0,0
2020-03-13,3824,60,42,9707,107,59,-1,0,0
2020-03-14,4472,71,49,11438,127,70,-1,0,0
2020-03-15,5229,83,58,13462,150,83,-1,0,0
2020-03-16,6113,98,68,15827,177,98,-1,0,0
2020-03-17,7146,114,80,18591,208,115,-1,0,0
2020-03-18,8170,134,94,21623,245,135,-1,0,0
2020-03-19,9067,155,109,24778,286,157,-1,0,0
2020-03-20,9895,177,124,28088,331,182,-1,0,0
2020-03-21,10694,199,141,31580,379,208,-1,0,0
2020-03-22,11488,223,158,35277,432,237,-1,0,0
2020-03-23,12297,247,176,39197,488,267,-1,0,0
2020-03-24,13134,271,195,43361,549,299,-1,0,0
2020-03-25,14008,296,214,47785,613,333,-1,0,0
2020-03-26,14926,322,233,52488,681,369,-1,0,0
2020-03-27,15895,349,254,57489,754,408,-1,0,0
2020-03-28,16689,376,275,62554,831,448,-1,0,0
2020-03-29,17162,403,295,67462,911,490,-1,0,0
2020-03-30,17407,427,315,72234,993,532,-1,0,0
2020-03-31,17494,450,333,76890,1075,575,-1,0,0
2020-04-01,17468,469,350,81441,1158,616,-1,0,0
2020-04-02,17365,486,365,85896,1240,658,-1,0,0
2020-04-03,17207,500,378,90263,1321,698,-1,0,0
2020-04-04,17013,512,390,94547,1401,738,-1,0,0
2020-04-05,16793,521,399,98751,1481,777,-1,0,0
2020-04-06,16557,528,408,102879,1559,815,-1,0,0
2020-04-07,16296,533,414,106917,1636,851,-1,0,0
2020-04-08,16006,536,420,110853,1711,887,-1,0,0
2020-04-09,15697,538,424,114692,1785,923,-1,0,0
2020-04-10,15377,538,427,118438,1858,957,-1,0,0
2020-04-11,15051,537,428,122094,1929,990,-1,0,0
2020-04-12,14724,534,429,125663,1998,1022,-1,0,0
2020-04-13,14397,531,429,129146,2066,1053,-1,0,0
2020-04-14,14073,526,428,132547,2133,1083,-1,0,0
2020-04-15,13753,521,426,135868,2197,1112,-1,0,0
2020-04-16,13438,515,423,139110,2261,1140,-1,0,0
2020-04-17,13128,509,420,142275,2322,1168,-1,0,0
2020-04-18,12823,502,416,145366,2383,1195,-1,0,0
2020-04-19,12525,494,412,148384,2441,1221,-1,0,0
2020-04-20,12232,487,407,151331,2499,1246,-1,0,0
2020-04-21,11946,479,402,154208,2555,1271,-1,0,0
2020-04-22,11666,470,397,157017,2610,1294,-1,0,0
2020-04-23,11391,462,392,159759,2663,1318,-1,0,0
2020-04-24,11123,454,386,162436,2715,1340,-1,0,0
2020-04-25,10861,445,380,165050,2766,1362,-1,0,0
2020-04-26,10605,437,374,167602,2816,1383,-1,0,0
2020-04-27,10354,428,368,170094,2865,1404,-1,0,0
2020-04-28,10104,419,361,172521,2912,1424,-1,0,0
2020-04-29,9853,411,355,174881,2958,1444,-1,0,0
2020-04-30,9603,402,348,177177,3003,1463,-1,0,0
2020-05-01,9355,394,342,179409,3047,1482,-1,0,0
2020-05-02,9111,385,335,181581,3090,1500,-1,0,0
2020-05-03,8871,376,329,183694,3131,1517,-1,0,0
2020-05-04,8636,368,322,185749,3172,1534,-1,0,0
2020-05-05,8408,359,315,187751,3211,1550,-1,0,0
2020-05-06,8188,351,309,189702,3250,1566,-1,0,0
2020-05-07,7975,343,302,191604,3287,1582,-1,0,0
2020-05-08,7768,335,295,193457,3323,1597,-1,0,0
2020-05-09,7568,327,289,195263,3359,1612,-1,0,0
2020-05-10,7373,319,282,197023,3393,1626,-1,0,0
2020-05-11,7184,311,276,198738,3427,1640,-1,0,0
2020-05-12,6969,303,270,200376,3460,1653,-1,0,0
2020-05-13,6713,296,263,201911,3491,1666,-1,0,0
2020-05-14,6432,288,257,203351,3522,1678,-1,0,0
2020-05-15,6138,280,250,204701,3551,1690,-1,0,0
2020-05-16,5839,271,243,205970,3578,1701,-1,0,0
2020-05-17,5542,262,236,207161,3604,1711,-1,0,0
2020-05-18,5250,253,229,208281,3629,1721,-1,0,0
2020-05-19,4978,244,222,209346,3653,1730,-1,0,0
2020-05-20,4733,235,214,210372,3675,1738,-1,0,0
2020-05-21,4511,226,207,211359,3696,1746,-1,0,0
2020-05-22,4306,218,200,212308,3716,1754,-1,0,0
2020-05-23,4117,209,193,213219,3736,1761,-1,0,0
2020-05-24,3939,201,186,214096,3754,1768,-1,0,0
2020-05-25,3772,193,179,214937,3772,1774,-1,0,0
2020-05-26,3600,185,172,215730,3788,1780,-1,0,0
2020-05-27,3416,178,166,216464,3805,1786,-1,0,0
2020-05-28,3227,170,160,217144,3820,1791,-1,0,0
2020-05-29,3037,163,153,217774,3834,1797,-1,0,0
2020-05-30,2850,156,147,218357,3847,1801,-1,0,0
2020-05-31,2669,149,141,218897,3860,1805,-1,0,0
2020-06-01,2494,142,135,219399,3872,1809,-1,0,0
2020-06-02,2352,135,129,219889,3883,1813,-1,0,0
2020-06-03,2253,128,123,220391,3893,1816,-1,0,0
2020-06-04,2184,122,118,220902,3903,1820,-1,0,0
2020-06-05,2136,117,113,221419,3913,1823,-1,0,0
2020-06-06,2102,112,108,221939,3923,1826,-1,0,0
2020-06-07,2078,107,104,222462,3932,1830,-1,0,0
2020-06-08,2061,103,100,222987,3942,1833,-1,0,0
2020-06-09,2049,99,96,223512,3951,1836,-1,0,0
2020-06-10,2039,96,93,224037,3960,1840,-1,0,0
2020-06-11,2032,93,90,224563,3970,1843,-1,0,0
2020-06-12,2026,91,87,225087,3979,1847,-1,0,0
2020-06-13,2020,88,85,225611,3988,1851,-1,0,0
2020-06-14,2015,86,82,226134,3998,1854,-1,0,0
2020-06-15,2010,85,80,226656,4007,1858,-1,0,0
2020-06-16,2005,83,78,227176,4016,1862,-1,0,0
2020-06-17,2000,82,76,227695,4026,1866,-1,0,0
2020-06-18,1995,80,75,228213,4035,1869,-1,0,0
2020-06-19,1989,79,73,228729,4044,1873,-1,0,0
2020-06-20,1983,78,72,229242,4053,1877,-1,0,0
2020-06-21,1979,77,71,229757,4062,1881,-1,0,0
2020-06-22,1978,76,70,230273,4072,1885,-1,0,0
2020-06-23,1978,75,68,230793,4081,1889,-1,0,0
2020-06-24,1980,75,67,231316,4090,1893,-1,0,0
2020-06-25,1983,74,67,231841,4099,1897,-1,0,0
2020-06-26,1986,73,66,232369,4108,1901,-1,0,0
2020-06-27,1990,73,65,232901,4117,1905,-1,0,0
2020-06-28,1994,72,64,233434,4126,1909,-1,0,0
2020-06-29,1998,72,63,233971,4136,1912,-1,0,0
2020-06-30,2002,72,63,234510,4145,1916,-1,0,0
2020-07-01,2007,71,62,235052,4154,1920,-1,0,0
2020-07-02,2011,71,61,235596,4163,1924,-1,0,0
2020-07-03,2015,71,61,236142,4172,1928,-1,0,0
2020-07-04,2020,70,60,236690,4182,1932,-1,0,0
2020-07-05,2024,70,60,237240,4191,1936,-1,0,0
2020-07-06,2028,70,59,237792,4200,1940,-1,0,0
2020-07-07,2032,70,59,238346,4209,1944,-1,0,0
2020-07-08,2036,70,59,238901,4219,1948,-1,0,0
2020-07-09,2039,69,58,239457,4228,1952,-1,0,0
2020-07-10,2042,69,58,240015,4237,1956,-1,0,0
2020-07-11,2045,69,58,240574,4247,1960,-1,0,0
2020-07-12,2048,69,57,241134,4256,1964,-1,0,0
2020-07-13,2051,69,57,241695,4265,1968,-1,0,0
2020-07-14,2054,69,57,242257,4275,1972,-1,0,0
2020-07-15,2056,69,57,242820,4284,1976,-1,0,0
2020-07-16,2059,68,56,243384,4293,1980,-1,0,0
2020-07-17,2062,68,56,243950,4303,1984,-1,0,0
2020-07-18,2065,68,56,244516,4312,1988,-1,0,0
2020-07-19,2068,68,56,245084,4321,1992,-1,0,0
2020-07-20,2071,68,56,245652,4331,1996,-1,0,0
2020-07-21,2074,68,56,246222,4340,2000,-1,0,0
2020-07-22,2077,68,56,246793,4350,2004,-1,0,0
2020-07-23,2080,68,56,247364,4359,2008,-1,0,0
2020-07-24,2084,68,56,247937,4369,2012,-1,0,0
2020-07-25,2087,68,55,248511,4378,2016,-1,0,0
2020-07-26,2090,68,55,249086,4388,2021,-1,0,0
2020-07-27,2093,68,55,249661,4397,2025,-1,0,0
2020-07-28,2097,68,55,250238,4407,2029,-1,0,0
2020-07-29,2100,68,55,250816,4416,2033,-1,0,0
2020-07-30,2103,68,55,251395,4426,2037,-1,0,0
2020-07-31,2107,68,55,251975,4435,2041,-1,0,0
2020-08-01,2110,68,55,252555,4445,2045,-1,0,0
2020-08-02,2113,68,55,253137,4455,2050,-1,0,0
2020-08-03,2117,68,55,253720,4464,2054,-1,0,0
2020-08-04,2120,68,55,254303,4474,2058,-1,0,0
2020-08-05,2124,69,55,254888,4483,2062,-1,0,0
2020-08-06,2127,69,55,255474,4493,2066,-1,0,0
2020-08-07,2130,69,56,256060,4503,2071,-1,0,0
2020-08-08,2134,69,56,256648,4512,2075,-1,0,0
2020-08-09,2137,69,56,257236,4522,2079,-1,0,0
2020-08-10,2140,69,56,257826,4532,2083,-1,0,0
2020-08-11,2144,69,56,258416,4542,2088,-1,0,0
2020-08-12,2147,69,56,259007,4551,2092,-1,0,0
2020-08-13,2151,69,56,259599,4561,2096,-1,0,0
2020-08-14,2154,69,56,260192,4571,2100,-1,0,0
2020-08-15,2157,69,56,260786,4581,2105,-1,0,0
2020-08-16,2161,69,56,261381,4591,2109,7,1,0.95
2020-08-17,2164,69,56,261977,4600,2113,7,1,0.95
2020-08-18,2167,70,56,262574,4610,2118,7,1,0.95
2020-08-19,2170,70,56,263171,4620,2122,7,1,0.95
2020-08-20,2174,70,56,263770,4630,2126,7,1,0.95
2020-08-21,2177,70,56,264369,4640,2131,7,1,0.95
2020-08-22,2180,70,56,264969,4650,2135,7,1,0.95
2020-08-23,2184,70,57,265571,4660,2139,7,1,0.95
2020-08-24,2187,70,57,266173,4670,2144,7,1,0.95
2020-08-25,2190,70,57,266776,4680,2148,7,1,0.95
2020-08-26,2193,70,57,267379,4690,2152,7,1,0.95
2020-08-27,2196,70,57,267984,4700,2157,7,1,0.95
2020-08-28,2200,71,57,268589,4710,2161,7,1,0.95
2020-08-29,2203,71,57,269196,4720,2165,7,1,0.95
2020-08-30,2206,71,57,269803,4730,2170,7,1,0.95
2020-08-31,2209,71,57,270411,4740,2174,7,1,0.95
2020-09-01,2212,71,57,271020,4750,2179,7,1,0.95
2020-09-02,2215,71,57,271630,4760,2183,7,1,0.95
2020-09-03,2218,71,57,272240,4770,2187,7,1,0.95
2020-09-04,2221,71,57,272852,4780,2192,7,1,0.95
2020-09-05,2224,71,58,273464,4790,2196,7,1,0.95
2020-09-06,2228,71,58,274077,4800,2201,7,1,0.95
2020-09-07,2231,72,58,274691,4810,2205,7,1,0.95
2020-09-08,2234,72,58,275306,4821,2210,7,1,0.95
2020-09-09,2237,72,58,275921,4831,2214,7,1,0.95
2020-09-10,2240,72,58,276537,4841,2219,7,1,0.95
2020-09-11,2243,72,58,277154,4851,2223,7,1,0.95
2020-09-12,2245,72,58,277772,4861,2227,7,1,0.95
2020-09-13,2248,72,58,278391,4872,2232,7,1,0.95
2020-09-14,2251,72,58,279010,4882,2236,7,1,0.95
2020-09-15,2254,72,58,279631,4892,2241,7,1,0.95
2020-09-16,2257,72,58,280252,4902,2245,7,1,0.95
2020-09-17,2260,73,59,280873,4913,2250,7,1,0.95
2020-09-18,2263,73,59,281496,4923,2254,7,1,0.95
2020-09-19,2266,73,59,282119,4933,2259,7,1,0.95
2020-09-20,2269,73,59,282743,4944,2263,7,1,0.95
2020-09-21,2271,73,59,283368,4954,2268,7,1,0.95
2020-09-22,2274,73,59,283994,4964,2272,7,1,0.95
2020-09-23,2277,73,59,284620,4975,2277,7,1,0.95
2020-09-24,2280,73,59,285247,4985,2282,7,1,0.95
2020-09-25,2282,73,59,285875,4995,2286,7,1,0.95
2020-09-26,2285,73,59,286503,5006,2291,7,1,0.95
2020-09-27,2288,73,59,287132,5016,2295,7,1,0.95
2020-09-28,2290,74,59,287762,5027,2300,7,1,0.95
2020-09-29,2293,74,59,288393,5037,2304,7,1,0.95
2020-09-30,2296,74,60,289024,5047,2309,7,1,0.95
2020-10-01,2298,74,60,289656,5058,2313,7,1,0.95
2020-10-02,2301,74,60,290289,5068,2318,7,1,0.95
2020-10-03,2304,74,60,290922,5079,2323,7,1,0.95
2020-10-04,2306,74,60,291556,5089,2327,7,1,0.95
2020-10-05,2309,74,60,292191,5100,2332,7,1,0.95
2020-10-06,2311,74,60,292827,5110,2336,7,1,0.95
2020-10-07,2314,74,60,293463,5121,2341,7,1,0.95
2020-10-08,2316,74,60,294100,5131,2346,7,1,0.95
2020-10-09,2319,75,60,294737,5142,2350,7,1,0.95
2020-10-10,2321,75,60,295375,5152,2355,7,1,0.95
2020-10-11,2323,75,60,296014,5163,2359,7,1,0.95
2020-10-12,2326,75,60,296653,5174,2364,7,1,0.95
2020-10-13,2328,75,60,297293,5184,2369,7,1,0.95
2020-10-14,2331,75,61,297934,5195,2373,7,1,0.95
2020-10-15,2333,75,61,298575,5205,2378,7,1,0.95
2020-10-16,2335,75,61,299217,5216,2383,7,1,0.95
2020-10-17,2338,75,61,299860,5227,2387,7,1,0.95
2020-10-18,2340,75,61,300503,5237,2392,7,1,0.95
2020-10-19,2342,75,61,301146,5248,2397,7,1,0.95
2020-10-20,2344,75,61,301791,5259,2401,7,1,0.95
2020-10-21,2347,75,61,302436,5269,2406,7,1,0.95
2020-10-22,2349,76,61,303081,5280,2411,7,1,0.95
2020-10-23,2351,76,61,303727,5291,2415,7,1,0.95
2020-10-24,2353,76,61,304374,5301,2420,7,1,0.95
2020-10-25,2355,76,61,305021,5312,2425,7,1,0.95
2020-10-26,2358,76,61,305669,5323,2429,7,1,0.95
2020-10-27,2360,76,61,306317,5333,2434,7,1,0.95
2020-10-28,2362,76,61,306966,5344,2439,7,1,0.95
2020-10-29,2364,76,61,307615,5355,2443,7,1,0.95
2020-10-30,2366,76,62,308265,5366,2448,7,1,0.95
2020-10-31,2368,76,62,308916,5377,2453,7,1,0.95
2020-11-01,2370,76,62,309567,5387,2458,7,1,0.95
2020-11-02,2372,76,62,310219,5398,2462,7,1,0.95
2020-11-03,2374,76,62,310871,5409,2467,7,1,0.95
2020-11-04,2376,76,62,311523,5420,2472,7,1,0.95
2020-11-05,2378,77,62,312176,5431,2476,7,1,0.95
2020-11-06,2380,77,62,312830,5441,2481,7,1,0.95
2020-11-07,2382,77,62,313484,5452,2486,7,1,0.95
2020-11-08,2383,77,62,314139,5463,2491,7,1,0.95
2020-11-09,2385,77,62,314794,5474,2495,7,1,0.95
2020-11-10,2387,77,62,315449,5485,2500,7,1,0.95
2020-11-11,2389,77,62,316105,5496,2505,7,1,0.95
2020-11-12,2391,77,62,316762,5506,2510,7,1,0.95
2020-11-13,2392,77,62,317419,5517,2514,7,1,0.95
2020-11-14,2394,77,62,318076,5528,2519,7,1,0.95
2020-11-15,2396,77,62,318734,5539,2524,7,1,0.95
2020-11-16,2397,77,62,319392,5550,2529,7,1,0.95
2020-11-17,2399,77,63,320051,5561,2534,7,1,0.95
2020-11-18,2401,77,63,320710,5572,2538,7,1,0.95
2020-11-19,2402,77,63,321369,5583,2543,7,1,0.95
2020-11-20,2404,77,63,322029,5594,2548,7,1,0.95
2020-11-21,2406,78,63,322690,5605,2553,7,1,0.95
2020-11-22,2407,78,63,323350,5616,2557,7,1,0.95
2020-11-23,2409,78,63,324012,5627,2562,7,1,0.95
2020-11-24,2410,78,63,324673,5638,2567,7,1,0.95
2020-11-25,2412,78,63,325335,5649,2572,7,1,0.95
2020-11-26,2413,78,63,325997,5659,2577,7,1,0.95
2020-11-27,2414,78,63,326660,5670,2581,7,1,0.95
2020-11-28,2416,78,63,327323,5681,2586,7,1,0.95
2020-11-29,2417,78,63,327986,5692,2591,7,1,0.95
2020-11-30,2419,78,63,328650,5703,2596,7,1,0.95
2020-12-01,2420,78,63,329314,5714,2601,7,1,0.95
2020-12-02,2421,78,63,329979,5725,2605,7,1,0.95
2020-12-03,2423,78,63,330643,5737,2610,7,1,0.95
2020-12-04,2424,78,63,331309,5748,2615,7,1,0.95
2020-12-05,2425,78,63,331974,5759,2620,7,1,0.95
2020-12-06,2426,78,63,332640,5770,2625,7,1,0.95
2020-12-07,2428,78,63,333306,5781,2630,7,1,0.95
2020-12-08,2429,78,63,333972,5792,2634,7,1,0.95
2020-12-09,2430,78,63,334639,5803,2639,7,1,0.95
2020-12-10,2431,78,64,335306,5814,2644,7,1,0.95
2020-12-11,2432,79,64,335973,5825,2649,7,1,0.95
2020-12-12,2433,79,64,336640,5836,2654,7,1,0.95
2020-12-13,2434,79,64,337308,5847,2659,7,1,0.95
2020-12-14,2435,79,64,337976,5858,2663,7,1,0.95
2020-12-15,2436,79,64,338644,5869,2668,7,1,0.95
2020-12-16,2437,79,64,339313,5880,2673,7,1,0.95
2020-12-17,2438,79,64,339982,5891,2678,7,1,0.95
2020-12-18,2439,79,64,340651,5902,2683,7,1,0.95
2020-12-19,2440,79,64,341320,5914,2688,7,1,0.95
2020-12-20,2441,79,64,341989,5925,2692,7,1,0.95
2020-12-21,2442,79,64,342659,5936,2697,7,1,0.95
2020-12-22,2443,79,64,343329,5947,2702,7,1,0.95
2020-12-23,2444,79,64,343999,5958,2707,7,1,0.95
2020-12-24,2444,79,64,344669,5969,2712,7,1,0.95
2020-12-25,2445,79,64,345339,5980,2717,7,1,0.95
2020-12-26,2446,79,64,346010,5991,2722,7,1,0.95
2020-12-27,2447,79,64,346681,6003,2726,7,1,0.95
2020-12-28,2447,79,64,347352,6014,2731,7,1,0.95
2020-12-29,2448,79,64,348023,6025,2736,7,1,0.95
2020-12-30,2449,79,64,348694,6036,2741,7,1,0.95
2020-12-31,2449,79,64,349366,6047,2746,7,1,0.95
2021-01-01,2450,79,64,350037,6058,2751,7,1,0.95
2021-01-02,2451,79,64,350709,6069,2756,7,1,0.95
2021-01-03,2451,79,64,351381,6081,2761,7,1,0.95
2021-01-04,2452,79,64,352053,6092,2765,7,1,0.95
2021-01-05,2452,79,64,352725,6103,2770,7,1,0.95
2021-01-06,2453,79,64,353397,6114,2775,7,1,0.95
2021-01-07,2453,79,64,354070,6125,2780,7,1,0.95
2021-01-08,2454,79,64,354742,6136,2785,7,1,0.95
2021-01-09,2454,79,64,355414,6147,2790,7,1,0.95
2021-01-10,2454,79,64,356087,6159,2795,7,1,0.95
2021-01-11,2455,79,64,356760,6170,2799,7,1,0.95
2021-01-12,2455,79,64,357432,6181,2804,7,1,0.95
2021-01-13,2455,80,64,358105,6192,2809,7,1,0.95
2021-01-14,2456,80,64,358778,6203,2814,7,1,0.95
2021-01-15,2456,80,64,359451,6215,2819,7,1,0.95
2021-01-16,2456,80,64,360124,6226,2824,7,1,0.95
2021-01-17,2456,80,64,360797,6237,2829,7,1,0.95
2021-01-18,2457,80,64,361470,6248,2834,7,1,0.95
2021-01-19,2457,80,64,362143,6259,2839,7,1,0.95
2021-01-20,2457,80,64,362816,6270,2843,7,1,0.95
2021-01-21,2457,80,64,363489,6282,2848,7,1,0.95
2021-01-22,2457,80,65,364162,6293,2853,7,1,0.95
2021-01-23,2457,80,65,364835,6304,2858,7,1,0.95
2021-01-24,2457,80,65,365508,6315,2863,7,1,0.95
2021-01-25,2457,80,65,366181,6326,2868,7,1,0.95
2021-01-26,2457,80,65,366854,6337,2873,7,1,0.95
2021-01-27,2457,80,65,367527,6349,2878,7,1,0.95
2021-01-28,2457,80,65,368200,6360,2882,7,1,0.95
2021-01-29,2457,80,65,368873,6371,2887,7,1,0.95
2021-01-30,2457,80,65,369546,6382,2892,7,1,0.95
2021-01-31,2457,80,65,370219,6393,2897,7,1,0.95
2021-02-01,2457,80,65,370891,6405,2902,7,1,0.95
2021-02-02,2457,80,65,371564,6416,2907,7,1,0.95
2021-02-03,2456,80,65,372237,6427,2912,7,1,0.95
2021-02-04,2456,80,65,372909,6438,2917,7,1,0.95
2021-02-05,2456,80,65,373582,6449,2921,7,1,0.95
2021-02-06,2456,80,65,374254,6460,2926,7,1,0.95
2021-02-07,2455,80,65,374926,6472,2931,7,1,0.95
2021-02-08,2455,80,65,375598,6483,2936,7,1,0.95
2021-02-09,2455,80,65,376270,6494,2941,7,1,0.95
2021-02-10,2454,80,65,376942,6505,2946,7,1,0.95
2021-02-11,2454,80,65,377614,6516,2951,7,1,0.95
2021-02-12,2454,80,65,378285,6527,2956,7,1,0.95
2021-02-13,2453,80,65,378957,6539,2960,7,1,0.95
2021-02-14,2453,80,65,379628,6550,2965,7,1,0.95
2021-02-15,2452,80,65,380299,6561,2970,7,1,0.95
2021-02-16,2452,80,65,380970,6572,2975,7,1,0.95
2021-02-17,2451,80,65,381641,6583,2980,7,1,0.95
2021-02-18,2451,80,65,382312,6594,2985,7,1,0.95
2021-02-19,2450,80,65,382982,6606,2990,7,1,0.95
2021-02-20,2449,80,65,383652,6617,2995,7,1,0.95
2021-02-21,2449,80,65,384322,6628,2999,7,1,0.95
2021-02-22,2448,80,64,384992,6639,3004,7,1,0.95
2021-02-23,2447,80,64,385662,6650,3009,7,1,0.95
2021-02-24,2447,79,64,386331,6661,3014,7,1,0.95
2021-02-25,2446,79,64,387001,6672,3019,7,1,0.95
2021-02-26,2445,79,64,387669,6684,3024,7,1,0.95
2021-02-27,2445,79,64,388338,6695,3029,7,1,0.95
2021-02-28,2444,79,64,389007,6706,3033,7,1,0.95
2021-03-01,2443,79,64,389675,6717,3038,7,1,0.95
2021-03-02,2442,79,64,390343,6728,3043,7,1,0.95
2021-03-03,2441,79,64,391011,6739,3048,7,1,0.95
2021-03-04,2440,79,64,391678,6750,3053,7,1,0.95
2021-03-05,2439,79,64,392345,6761,3058,7,1,0.95
2021-03-06,2438,79,64,393012,6772,3062,7,1,0.95
2021-03-07,2437,79,64,393679,6784,3067,7,1,0.95
2021-03-08,2436,79,64,394345,6795,3072,7,1,0.95
2021-03-09,2435,79,64,395011,6806,3077,7,1,0.95
2021-03-10,2434,79,64,395677,6817,3082,7,1,0.95
2021-03-11,2433,79,64,396342,6828,3087,7,1,0.95
2021-03-12,2432,79,64,397008,6839,3091,7,1,0.95
2021-03-13,2431,79,64,397672,6850,3096,7,1,0.95
2021-03-14,2430,79,64,398337,6861,3101,7,1,0.95
2021-03-15,2429,79,64,399001,6872,3106,7,1,0.95
2021-03-16,2428,79,64,399665,6883,3111,7,1,0.95
2021-03-17,2427,79,64,400328,6894,3116,7,1,0.95
2021-03-18,2425,79,64,400991,6905,3120,7,1,0.95
2021-03-19,2424,79,64,401654,6916,3125,7,1,0.95
2021-03-20,2423,79,64,402316,6927,3130,7,1,0.95
2021-03-21,2421,79,64,402978,6938,3135,7,1,0.95
2021-03-22,2420,79,64,403640,6949,3140,7,1,0.95
2021-03-23,2419,79,64,404301,6960,3144,7,1,0.95
2021-03-24,2417,79,64,404961,6971,3149,7,1,0.95
2021-03-25,2416,79,64,405622,6982,3154,7,1,0.95
2021-03-26,2415,79,64,406282,6993,3159,7,1,0.95
2021-03-27,2413,79,64,406941,7004,3164,7,1,0.95
2021-03-28,2412,79,64,407600,7015,3168,7,1,0.95
2021-03-29,2410,79,64,408259,7026,3173,7,1,0.95
2021-03-30,2409,78,64,408917,7037,3178,7,1,0.95
2021-03-31,2407,78,64,409575,7048,3183,7,1,0.95
2021-04-01,2406,78,64,410233,7059,3187,7,1,0.95
2021-04-02,2404,78,64,410890,7070,3192,7,1,0.95
2021-04-03,2403,78,64,411546,7081,3197,7,1,0.95
2021-04-04,2401,78,64,412202,7092,3202,7,1,0.95
2021-04-05,2399,78,64,412858,7103,3206,7,1,0.95
2021-04-06,2398,78,63,413513,7114,3211,7,1,0.95
2021-04-07,2396,78,63,414167,7125,3216,7,1,0.95
2021-04-08,2394,78,63,414821,7136,3221,7,1,0.95
2021-04-09,2393,78,63,415475,7147,3225,7,1,0.95
2021-04-10,2391,78,63,416128,7157,3230,7,1,0.95
2021-04-11,2389,78,63,416781,7168,3235,7,1,0.95
2021-04-12,2387,78,63,417433,7179,3240,7,1,0.95
2021-04-13,2386,78,63,418085,7190,3244,7,1,0.95
2021-04-14,2384,78,63,418736,7201,3249,7,1,0.95
2021-04-15,2382,78,63,419386,7212,3254,7,1,0.95
2021-04-16,2380,78,63,420036,7223,3259,7,1,0.95
2021-04-17,2378,78,63,420686,7233,3263,7,1,0.95
2021-04-18,2376,78,63,421335,7244,3268,7,1,0.95
2021-04-19,2374,77,63,421983,7255,3273,7,1,0.95
2021-04-20,2372,77,63,422631,7266,3277,7,1,0.95
2021-04-21,2370,77,63,423278,7277,3282,7,1,0.95
2021-04-22,2368,77,63,423925,7287,3287,7,1,0.95
2021-04-23,2366,77,63,424571,7298,3291,7,1,0.95
2021-04-24,2364,77,63,425216,7309,3296,7,1,0.95
2021-04-25,2362,77,63,425861,7320,3301,7,1,0.95
2021-04-26,2360,77,63,426506,7330,3306,7,1,0.95
2021-04-27,2358,77,63,427150,7341,3310,7,1,0.95
2021-04-28,2356,77,63,427793,7352,3315,7,1,0.95
2021-04-29,2354,77,62,428435,7363,3320,7,1,0.95
2021-04-30,2352,77,62,429077,7373,3324,7,1,0.95
2021-05-01,2349,77,62,429719,7384,3329,7,1,0.95
2021-05-02,2347,77,62,430359,7395,3334,7,1,0.95
2021-05-03,2345,77,62,430999,7405,3338,7,1,0.95
2021-05-04,2343,77,62,431639,7416,3343,7,1,0.95
2021-05-05,2341,76,62,432278,7427,3347,7,1,0.95
2021-05-06,2338,76,62,432916,7437,3352,7,1,0.95
2021-05-07,2336,76,62,433553,7448,3357,7,1,0.95
2021-05-08,2334,76,62,434190,7459,3361,7,1,0.95
2021-05-09,2331,76,62,434827,7469,3366,7,1,0.95
2021-05-10,2329,76,62,435462,7480,3371,7,1,0.95
2021-05-11,2327,76,62,436097,7490,3375,7,1,0.95
2021-05-12,2324,76,62,436731,7501,3380,7,1,0.95
2021-05-13,2322,76,62,437365,7512,3384,7,1,0.95
2021-05-14,2319,76,62,437997,7522,3389,7,1,0.95
2021-05-15,2317,76,62,438630,7533,3394,7,1,0.95
2021-05-16,2314,76,62,439261,7543,3398,7,1,0.95
2021-05-17,2312,76,61,439892,7554,3403,7,1,0.95
2021-05-18,2309,76,61,440522,7564,3407,7,1,0.95
2021-05-19,2307,75,61,441151,7575,3412,7,1,0.95
2021-05-20,2304,75,61,441780,7585,3416,7,1,0.95
2021-05-21,2302,75,61,442408,7596,3421,7,1,0.95
2021-05-22,2299,75,61,443035,7606,3426,7,1,0.95
2021-05-23,2297,75,61,443661,7617,3430,7,1,0.95
2021-05-24,2294,75,61,444287,7627,3435,7,1,0.95
2021-05-25,2291,75,61,444912,7637,3439,7,1,0.95
2021-05-26,2289,75,61,445536,7648,3444,7,1,0.95
2021-05-27,2286,75,61,446160,7658,3448,7,1,0.95
2021-05-28,2283,75,61,446782,7669,3453,7,1,0.95
2021-05-29,2281,75,61,447404,7679,3457,7,1,0.95
2021-05-30,2278,75,61,448025,7689,3462,7,1,0.95
2021-05-31,2275,74,61,448646,7700,3466,7,1,0.95
2021-06-01,2272,74,61,449265,7710,3471,7,1,0.95
2021-06-02,2270,74,60,449884,7720,3475,7,1,0.95
2021-06-03,2267,74,60,450502,7731,3480,7,1,0.95
2021-06-04,2264,74,60,451120,7741,3484,7,1,0.95
2021-06-05,2261,74,60,451736,7751,3489,7,1,0.95
2021-06-06,2258,74,60,452352,7762,3493,7,1,0.95
2021-06-07,2255,74,60,452967,7772,3498,7,1,0.95
2021-06-08,2252,74,60,453581,7782,3502,7,1,0.95
2021-06-09,2250,74,60,454194,7792,3507,7,1,0.95
2021-06-10,2247,74,60,454807,7803,3511,7,1,0.95
2021-06-11,2244,74,60,455418,7813,3516,7,1,0.95
2021-06-12,2241,73,60,456029,7823,3520,7,1,0.95
2021-06-13,2238,73,60,456639,7833,3524,7,1,0.95
2021-06-14,2235,73,60,457248,7843,3529,7,1,0.95
2021-06-15,2232,73,60,457856,7854,3533,7,1,0.95
2021-06-16,2229,73,59,458464,7864,3538,7,1,0.95
2021-06-17,2226,73,59,459070,7874,3542,7,1,0.95
2021-06-18,2223,73,59,459676,7884,3547,7,1,0.95
2021-06-19,2220,73,59,460281,7894,3551,7,1,0.95
2021-06-20,2217,73,59,460885,7904,3555,7,1,0.95
2021-06-21,2213,73,59,461488,7914,3560,7,1,0.95
2021-06-22,2210,72,59,462091,7924,3564,7,1,0.95
2021-06-23,2207,72,59,462692,7934,3568,7,1,0.95
2021-06-24,2204,72,59,463293,7944,3573,7,1,0.95
2021-06-25,2201,72,59,463892,7955,3577,7,1,0.95
2021-06-26,2198,72,59,464491,7965,3581,7,1,0.95
2021-06-27,2195,72,59,465089,7975,3586,7,1,0.95
2021-06-28,2191,72,59,465686,7984,3590,7,1,0.95
2021-06-29,2188,72,58,466282,7994,3595,7,1,0.95
2021-06-30,2185,72,58,466878,8004,3599,7,1,0.95
2021-07-01,2182,72,58,467472,8014,3603,7,1,0.95
2021-07-02,2178,71,58,468065,8024,3607,7,1,0.95
2021-07-03,2175,71,58,468658,8034,3612,7,1,0.95
2021-07-04,2172,71,58,469250,8044,3616,7,1,0.95
2021-07-05,2169,71,58,469840,8054,3620,7,1,0.95
2021-07-06,2165,71,58,470430,8064,3625,7,1,0.95
2021-07-07,2162,71,58,471019,8074,3629,7,1,0.95
2021-07-08,2159,71,58,471607,8083,3633,7,1,0.95
2021-07-09,2155,71,58,472194,8093,3637,7,1,0.95
2021-07-10,2152,71,58,472780,8103,3642,7,1,0.95
2021-07-11,2149,71,57,473365,8113,3646,7,1,0.95
2021-07-12,2145,70,57,473949,8123,3650,7,1,0.95
2021-07-13,2142,70,57,474533,8132,3654,7,1,0.95
2021-07-14,2138,70,57,475115,8142,3659,7,1,0.95
2021-07-15,2135,70,57,475696,8152,3663,7,1,0.95
2021-07-16,2131,70,57,476276,8162,3667,7,1,0.95
2021-07-17,2128,70,57,476856,8171,3671,7,1,0.95
2021-07-18,2124,70,57,477434,8181,3676,7,1,0.95
2021-07-19,2121,70,57,478012,8191,3680,7,1,0.95
2021-07-20,2118,70,57,478588,8200,3684,7,1,0.95
2021-07-21,2114,69,57,479164,8210,3688,7,1,0.95
2021-07-22,2110,69,57,479738,8219,3692,7,1,0.95
2021-07-23,2107,69,56,480312,8229,3697,7,1,0.95
2021-07-24,2103,69,56,480885,8239,3701,7,1,0.95
2021-07-25,2100,69,56,481456,8248,3705,7,1,0.95
2021-07-26,2096,69,56,482027,8258,3709,7,1,0.95
2021-07-27,2093,69,56,482597,8267,3713,7,1,0.95
2021-07-28,2089,69,56,483165,8277,3717,7,1,0.95
2021-07-29,2086,69,56,483733,8286,3721,7,1,0.95
2021-07-30,2082,68,56,484300,8296,3725,7,1,0.95
2021-07-31,2078,68,56,484865,8305,3730,7,1,0.95
2021-08-01,2075,68,56,485430,8315,3734,7,1,0.95
2021-08-02,2071,68,56,485993,8324,3738,7,1,0.95
2021-08-03,2067,68,55,486556,8334,3742,7,1,0.95
2021-08-04,2064,68,55,487118,8343,3746,7,1,0.95
2021-08-05,2060,68,55,487678,8352,3750,7,1,0.95
2021-08-06,2056,68,55,488238,8362,3754,7,1,0.95
2021-08-07,2053,68,55,488796,8371,3758,7,1,0.95
2021-08-08,2049,67,55,489354,8380,3762,7,1,0.95
2021-08-09,2045,67,55,489910,8390,3766,7,1,0.95
2021-08-10,2041,67,55,490466,8399,3770,7,1,0.95
2021-08-11,2038,67,55,491020,8408,3774,7,1,0.95
2021-08-12,2034,67,55,491574,8418,3778,7,1,0.95
2021-08-13,2030,67,54,492126,8427,3782,7,1,0.95
2021-08-14,2026,67,54,492677,8436,3786,7,1,0.95
2021-08-15,2023,67,54,493228,8445,3790,7,1,0.95
2021-08-16,2019,66,54,493777,8454,3794,7,1,0.95
2021-08-17,2015,66,54,494325,8464,3798,7,1,0.95
2021-08-18,2011,66,54,494872,8473,3802,7,1,0.95
2021-08-19,2007,66,54,495418,8482,3806,7,1,0.95
2021-08-20,2004,66,54,495963,8491,3810,7,1,0.95
2021-08-21,2000,66,54,496507,8500,3814,7,1,0.95
2021-08-22,1996,66,54,497050,8509,3818,7,1,0.95
2021-08-23,1992,66,54,497592,8518,3822,7,1,0.95
2021-08-24,1988,65,53,498133,8527,3826,7,1,0.95
2021-08-25,1984,65,53,498672,8536,3830,7,1,0.95
2021-08-26,1981,65,53,499211,8545,3834,7,1,0.95
2021-08-27,1977,65,53,499749,8554,3838,7,1,0.95
2021-08-28,1973,65,53,500285,8563,3842,7,1,0.95
2021-08-29,1969,65,53,500820,8572,3846,7,1,0.95
2021-08-30,1965,65,53,501355,8581,3850,7,1,0.95
2021-08-31,1961,65,53,501888,8590,3853,7,1,0.95
2021-09-01,1957,64,53,502420,8599,3857,7,1,0.95
2021-09-02,1953,64,53,502951,8608,3861,7,1,0.95
2021-09-03,1949,64,52,503481,8617,3865,7,1,0.95
2021-09-04,1945,64,52,504010,8626,3869,7,1,0.95
2021-09-05,1941,64,52,504538,8635,3873,7,1,0.95
2021-09-06,1937,64,52,505065,8643,3877,7,1,0.95
2021-09-07,1933,64,52,505590,8652,3880,7,1,0.95
2021-09-08,1929,64,52,506115,8661,3884,7,1,0.95
2021-09-09,1926,63,52,506638,8670,3888,7,1,0.95
2021-09-10,1922,63,52,507161,8679,3892,7,1,0.95
2021-09-11,1918,63,52,507682,8687,3896,7,1,0.95
2021-09-12,1914,63,51,508202,8696,3899,7,1,0.95
2021-09-13,1910,63,51,508721,8705,3903,7,1,0.95
2021-09-14,1906,63,51,509239,8713,3907,7,1,0.95
2021-09-15,1902,63,51,509756,8722,3911,7,1,0.95
2021-09-16,1897,63,51,510272,8731,3914,7,1,0.95
2021-09-17,1893,62,51,510787,8739,3918,7,1,0.95
2021-09-18,1889,62,51,511300,8748,3922,7,1,0.95
2021-09-19,1885,62,51,511812,8757,3926,7,1,0.95
2021-09-20,1881,62,51,512324,8765,3929,7,1,0.95
2021-09-21,1877,62,51,512834,8774,3933,7,1,0.95
2021-09-22,1873,62,50,513343,8782,3937,7,1,0.95
2021-09-23,1869,62,50,513851,8791,3940,7,1,0.95
2021-09-24,1865,62,50,514358,8799,3944,7,1,0.95
2021-09-25,1861,61,50,514863,8808,3948,7,1,0.95
2021-09-26,1857,61,50,515368,8816,3951,7,1,0.95
2021-09-27,1853,61,50,515872,8825,3955,7,1,0.95
2021-09-28,1849,61,50,516374,8833,3959,7,1,0.95
2021-09-29,1845,61,50,516875,8841,3962,7,1,0.95
2021-09-30,1841,61,50,517375,8850,3966,7,1,0.95
2021-10-01,1837,61,50,517874,8858,3970,7,1,0.95
2021-10-02,1832,61,49,518372,8867,3973,7,1,0.95
2021-10-03,1828,60,49,518869,8875,3977,7,1,0.95
2021-10-04,1824,60,49,519364,8883,3981,7,1,0.95
2021-10-05,1820,60,49,519859,8891,3984,7,1,0.95
2021-10-06,1816,60,49,520352,8900,3988,7,1,0.95
2021-10-07,1812,60,49,520844,8908,3991,7,1,0.95
2021-10-08,1808,60,49,521335,8916,3995,7,1,0.95
2021-10-09,1804,60,49,521825,8924,3998,7,1,0.95
2021-10-10,1799,59,49,522314,8933,4002,7,1,0.95
2021-10-11,1795,59,48,522802,8941,4006,7,1,0.95
2021-10-12,1791,59,48,523288,8949,4009,7,1,0.95
2021-10-13,1787,59,48,523774,8957,4013,7,1,0.95
2021-10-14,1783,59,48,524258,8965,4016,7,1,0.95
2021-10-15,1779,59,48,524741,8973,4020,7,1,0.95
2021-10-16,1775,59,48,525223,8981,4023,7,1,0.95
2021-10-17,1770,59,48,525704,8989,4027,7,1,0.95
2021-10-18,1766,58,48,526183,8998,4030,7,1,0.95
2021-10-19,1762,58,48,526662,9006,4034,7,1,0.95
2021-10-20,1758,58,47,527139,9014,4037,7,1,0.95
2021-10-21,1754,58,47,527615,9022,4041,7,1,0.95
2021-10-22,1750,58,47,528090,9030,4044,7,1,0.95
2021-10-23,1745,58,47,528564,9037,4048,7,1,0.95
2021-10-24,1741,58,47,529037,9045,4051,7,1,0.95
2021-10-25,1737,57,47,529509,9053,4054,7,1,0.95
2021-10-26,1733,57,47,529979,9061,4058,7,1,0.95
2021-10-27,1729,57,47,530449,9069,4061,7,1,0.95
2021-10-28,1725,57,47,530917,9077,4065,7,1,0.95
2021-10-29,1720,57,46,531384,9085,4068,7,1,0.95
2021-10-30,1716,57,46,531850,9093,4071,7,1,0.95
2021-10-31,1712,57,46,532315,9100,4075,7,1,0.95
2021-11-01,1708,56,46,532778,9108,4078,7,1,0.95
2021-11-02,1704,56,46,533241,9116,4082,7,1,0.95
2021-11-03,1699,56,46,533702,9124,4085,7,1,0.95
2021-11-04,1695,56,46,534162,9131,4088,7,1,0.95
2021-11-05,1691,56,46,534621,9139,4092,7,1,0.95
2021-11-06,1687,56,46,535079,9147,4095,7,1,0.95
2021-11-07,1683,56,46,535536,9154,4098,7,1,0.95
2021-11-08,1678,56,45,535992,9162,4102,7,1,0.95
2021-11-09,1674,55,45,536446,9170,4105,7,1,0.95
2021-11-10,1670,55,45,536899,9177,4108,7,1,0.95
2021-11-11,1666,55,45,537351,9185,4111,7,1,0.95
2021-11-12,1662,55,45,537802,9193,4115,7,1,0.95
2021-11-13,1657,55,45,538252,9200,4118,7,1,0.95
2021-11-14,1653,55,45,538701,9208,4121,7,1,0.95
2021-11-15,1649,55,45,539148,9215,4125,7,1,0.95
2021-11-16,1645,54,45,539595,9223,4128,7,1,0.95
2021-11-17,1641,54,44,540040,9230,4131,7,1,0.95
2021-11-18,1636,54,44,540484,9238,4134,7,1,0.95
2021-11-19,1632,54,44,540927,9245,4138,7,1,0.95
2021-11-20,1628,54,44,541369,9252,4141,7,1,0.95
2021-11-21,1624,54,44,541809,9260,4144,7,1,0.95
2021-11-22,1620,54,44,542249,9267,4147,7,1,0.95
2021-11-23,1615,54,44,542687,9275,4150,7,1,0.95
2021-11-24,1611,53,44,543124,9282,4154,7,1,0.95
2021-11-25,1607,53,44,543560,9289,4157,7,1,0.95
2021-11-26,1603,53,43,543995,9297,4160,7,1,0.95
2021-11-27,1599,53,43,544429,9304,4163,7,1,0.95
2021-11-28,1594,53,43,544862,9311,4166,7,1,0.95
2021-11-29,1590,53,43,545293,9318,4169,7,1,0.95
2021-11-30,1586,53,43,545723,9326,4172,7,1,0.95
2021-12-01,1582,52,43,546152,9333,4176,7,1,0.95
2021-12-02,1578,52,43,546580,9340,4179,7,1,0.95
2021-12-03,1574,52,43,547007,9347,4182,7,1,0.95
2021-12-04,1569,52,43,547433,9354,4185,7,1,0.95
2021-12-05,1565,52,42,547857,9361,4188,7,1,0.95
2021-12-06,1561,52,42,548281,9368,4191,7,1,0.95
2021-12-07,1557,52,42,548703,9376,4194,7,1,0.95
2021-12-08,1553,51,42,549124,9383,4197,7,1,0.95
2021-12-09,1548,51,42,549544,9390,4200,7,1,0.95
2021-12-10,1544,51,42,549963,9397,4203,7,1,0.95
2021-12-11,1540,51,42,550381,9404,4206,7,1,0.95
2021-12-12,1536,51,42,550797,9411,4209,7,1,0.95
2021-12-13,1532,51,42,551213,9418,4212,7,1,0.95
2021-12-14,1528,51,41,551627,9425,4215,7,1,0.95
2021-12-15,1523,51,41,552040,9432,4218,7,1,0.95
2021-12-16,1519,50,41,552452,9439,4221,7,1,0.95
2021-12-17,1515,50,41,552863,9445,4224,7,1,0.95
2021-12-18,1511,50,41,553273,9452,4227,7,1,0.95
2021-12-19,1507,50,41,553681,9459,4230,7,1,0.95
2021-12-20,1503,50,41,554089,9466,4233,7,1,0.95
2021-12-21,1498,50,41,554495,9473,4236,7,1,0.95
2021-12-22,1494,50,41,554900,9480,4239,7,1,0.95
2021-12-23,1490,49,40,555304,9487,4242,7,1,0.95
2021-12-24,1486,49,40,555707,9493,4245,7,1,0.95
2021-12-25,1482,49,40,556109,9500,4248,7,1,0.95
2021-12-26,1478,49,40,556509,9507,4251,7,1,0.95
2021-12-27,1474,49,40,556909,9513,4254,7,1,0.95
2021-12-28,1469,49,40,557307,9520,4257,7,1,0.95
2021-12-29,1465,49,40,557705,9527,4260,7,1,0.95
2021-12-30,1461,48,40,558101,9534,4263,7,1,0.95
2021-12-31,1457,48,40,558496,9540,4265,7,1,0.95
2022-01-01,1453,48,39,558890,9547,4268,7,1,0.95
2022-01-02,1449,48,39,559282,9553,4271,7,1,0.95
2022-01-03,1445,48,39,559674,9560,4274,7,1,0.95
2022-01-04,1441,48,39,560064,9567,4277,7,1,0.95
2022-01-05,1436,48,39,560454,9573,4280,7,1,0.95
2022-01-06,1432,48,39,560842,9580,4283,7,1,0.95
2022-01-07,1428,47,39,561229,9586,4285,7,1,0.95
2022-01-08,1424,47,39,561615,9593,4288,7,1,0.95
2022-01-09,1420,47,39,562000,9599,4291,7,1,0.95
2022-01-10,1416,47,38,562384,9606,4294,7,1,0.95
2022-01-11,1412,47,38,562766,9612,4297,7,1,0.95
2022-01-12,1408,47,38,563148,9618,4299,7,1,0.95
2022-01-13,1404,47,38,563528,9625,4302,7,1,0.95
2022-01-14,1400,46,38,563908,9631,4305,7,1,0.95
2022-01-15,1396,46,38,564286,9637,4308,7,1,0.95
2022-01-16,1391,46,38,564663,9644,4310,7,1,0.95
2022-01-17,1387,46,38,565039,9650,4313,7,1,0.95
2022-01-18,1383,46,38,565414,9656,4316,7,1,0.95
2022-01-19,1379,46,38,565788,9663,4319,7,1,0.95
2022-01-20,1375,46,37,566160,9669,4321,7,1,0.95
2022-01-21,1371,46,37,566532,9675,4324,7,1,0.95
2022-01-22,1367,45,37,566902,9681,4327,7,1,0.95
2022-01-23,1363,45,37,567272,9688,4329,7,1,0.95
2022-01-24,1359,45,37,567640,9694,4332,7,1,0.95
2022-01-25,1355,45,37,568007,9700,4335,7,1,0.95
2022-01-26,1351,45,37,568373,9706,4337,7,1,0.95
2022-01-27,1347,45,37,568738,9712,4340,7,1,0.95
2022-01-28,1343,45,37,569102,9718,4343,7,1,0.95
2022-01-29,1339,44,36,569465,9725,4345,7,1,0.95
2022-01-30,1335,44,36,569826,9731,4348,7,1,0.95
2022-01-31,1331,44,36,570187,9737,4351,7,1,0.95
2022-02-01,1327,44,36,570546,9743,4353,7,1,0.95
2022-02-02,1323,44,36,570905,9749,4356,7,1,0.95
2022-02-03,1319,44,36,571262,9755,4358,7,1,0.95
2022-02-04,1315,44,36,571618,9761,4361,7,1,0.95
2022-02-05,1311,44,36,571974,9767,4364,7,1,0.95
2022-02-06,1307,43,36,572328,9773,4366,7,1,0.95
2022-02-07,1303,43,35,572681,9779,4369,7,1,0.95
2022-02-08,1299,43,35,573033,9785,4371,7,1,0.95
2022-02-09,1295,43,35,573383,9791,4374,7,1,0.95
2022-02-10,1291,43,35,573733,9796,4376,7,1,0.95
2022-02-11,1287,43,35,574082,9802,4379,7,1,0.95
2022-02-12,1283,43,35,574429,9808,4382,7,1,0.95
2022-02-13,1279,43,35,574776,9814,4384,7,1,0.95
2022-02-14,1275,42,35,575121,9820,4387,7,1,0.95
2022-02-15,1272,42,35,575466,9826,4389,7,1,0.95
2022-02-16,1268,42,35,575809,9831,4392,7,1,0.95
2022-02-17,1264,42,34,576151,9837,4394,7,1,0.95
2022-02-18,1260,42,34,576493,9843,4397,7,1,0.95
2022-02-19,1256,42,34,576833,9849,4399,7,1,0.95
2022-02-20,1252,42,34,577172,9854,4401,7,1,0.95
2022-02-21,1248,42,34,577510,9860,4404,7,1,0.95
2022-02-22,1244,41,34,577847,9866,4406,7,1,0.95
2022-02-23,1240,41,34,578183,9871,4409,7,1,0.95
2022-02-24,1237,41,34,578518,9877,4411,7,1,0.95
2022-02-25,1233,41,34,578851,9883,4414,7,1,0.95
2022-02-26,1229,41,33,579184,9888,4416,7,1,0.95
2022-02-27,1225,41,33,579516,9894,4419,7,1,0.95
2022-02-28,1221,41,33,579846,9899,4421,7,1,0.95
2022-03-01,1217,41,33,580176,9905,4423,7,1,0.95
2022-03-02,1213,40,33,580505,9910,4426,7,1,0.95
2022-03-03,1210,40,33,580832,9916,4428,7,1,0.95
2022-03-04,1206,40,33,581159,9921,4431,7,1,0.95
2022-03-05,1202,40,33,581484,9927,4433,7,1,0.95
2022-03-06,1198,40,33,581808,9932,4435,7,1,0.95
2022-03-07,1194,40,33,582132,9938,4438,7,1,0.95
2022-03-08,1191,40,32,582454,9943,4440,7,1,0.95
2022-03-09,1187,40,32,582775,9949,4442,7,1,0.95
2022-03-10,1183,39,32,583096,9954,4445,7,1,0.95
2022-03-11,1179,39,32,583415,9959,4447,7,1,0.95
2022-03-12,1175,39,32,583733,9965,4449,7,1,0.95
2022-03-13,1172,39,32,584050,9970,4452,7,1,0.95
2022-03-14,1168,39,32,584367,9975,4454,7,1,0.95
2022-03-15,1164,39,32,584682,9981,4456,7,1,0.95
2022-03-16,1160,39,32,584996,9986,4458,7,1,0.95
2022-03-17,1157,39,32,585309,9991,4461,7,1,0.95
2022-03-18,1153,38,31,585621,9996,4463,7,1,0.95
2022-03-19,1149,38,31,585932,10002,4465,7,1,0.95
2022-03-20,1146,38,31,586242,10007,4468,7,1,0.95
2022-03-21,1142,38,31,586551,10012,4470,7,1,0.95
2022-03-22,1138,38,31,586859,10017,4472,7,1,0.95
2022-03-23,1134,38,31,587167,10022,4474,7,1,0.95
2022-03-24,1131,38,31,587473,10028,4477,7,1,0.95
2022-03-25,1127,38,31,587778,10033,4479,7,1,0.95
2022-03-26,1123,37,31,588082,10038,4481,7,1,0.95
2022-03-27,1120,37,31,588385,10043,4483,7,1,0.95
2022-03-28,1116,37,30,588687,10048,4485,7,1,0.95
2022-03-29,1112,37,30,588988,10053,4488,7,1,0.95
2022-03-30,1109,37,30,589288,10058,4490,7,1,0.95
2022-03-31,1105,37,30,589587,10063,4492,7,1,0.95
2022-04-01,1101,37,30,589885,10068,4494,7,1,0.95
2022-04-02,1098,37,30,590182,10073,4496,7,1,0.95
2022-04-03,1094,36,30,590478,10078,4498,7,1,0.95
2022-04-04,1091,36,30,590774,10083,4501,7,1,0.95
2022-04-05,1087,36,30,591068,10088,4503,7,1,0.95
2022-04-06,1083,36,30,591361,10093,4505,7,1,0.95
2022-04-07,1080,36,29,591653,10098,4507,7,1,0.95
2022-04-08,1076,36,29,591944,10103,4509,7,1,0.95
2022-04-09,1073,36,29,592235,10108,4511,7,1,0.95
2022-04-10,1069,36,29,592524,10113,4513,7,1,0.95
2022-04-11,1066,36,29,592812,10118,4515,7,1,0.95
2022-04-12,1062,35,29,593100,10122,4518,7,1,0.95
2022-04-13,1058,35,29,593386,10127,4520,7,1,0.95
2022-04-14,1055,35,29,593672,10132,4522,7,1,0.95
2022-04-15,1051,35,29,593956,10137,4524,7,1,0.95
2022-04-16,1048,35,29,594240,10142,4526,7,1,0.95
2022-04-17,1044,35,29,594522,10146,4528,7,1,0.95
2022-04-18,1041,35,28,594804,10151,4530,7,1,0.95
2022-04-19,1037,35,28,595084,10156,4532,7,1,0.95
2022-04-20,1034,34,28,595364,10161,4534,7,1,0.95
2022-04-21,1030,34,28,595643,10165,4536,7,1,0.95
2022-04-22,1027,34,28,595921,10170,4538,7,1,0.95
2022-04-23,1023,34,28,596198,10175,4540,7,1,0.95
2022-04-24,1020,34,28,596473,10179,4542,7,1,0.95
2022-04-25,1016,34,28,596748,10184,4544,7,1,0.95
2022-04-26,1013,34,28,597023,10189,4546,7,1,0.95
2022-04-27,1010,34,28,597296,10193,4548,7,1,0.95
2022-04-28,1006,34,28,597568,10198,4550,7,1,0.95
2022-04-29,1003,33,27,597839,10202,4552,7,1,0.95
2022-04-30,999,33,27,598109,10207,4554,7,1,0.95
2022-05-01,996,33,27,598379,10211,4556,7,1,0.95
2022-05-02,993,33,27,598647,10216,4558,7,1,0.95
2022-05-03,989,33,27,598915,10220,4560,7,1,0.95
2022-05-04,986,33,27,599182,10225,4562,7,1,0.95
2022-05-05,982,33,27,599447,10229,4564,7,1,0.95
2022-05-06,979,33,27,599712,10234,4566,7,1,0.95
2022-05-07,976,33,27,599976,10238,4568,7,1,0.95
2022-05-08,972,32,27,600239,10243,4570,7,1,0.95
2022-05-09,969,32,27,600501,10247,4571,7,1,0.95
2022-05-10,966,32,26,600762,10252,4573,7,1,0.95
2022-05-11,962,32,26,601023,10256,4575,7,1,0.95
2022-05-12,959,32,26,601282,10260,4577,7,1,0.95
2022-05-13,956,32,26,601540,10265,4579,7,1,0.95
2022-05-14,952,32,26,601798,10269,4581,7,1,0.95
2022-05-15,949,32,26,602055,10273,4583,7,1,0.95
2022-05-16,946,32,26,602310,10278,4585,7,1,0.95
2022-05-17,942,31,26,602565,10282,4587,7,1,0.95
2022-05-18,939,31,26,602819,10286,4588,7,1,0.95
2022-05-19,936,31,26,603072,10290,4590,7,1,0.95
2022-05-20,933,31,26,603325,10295,4592,7,1,0.95
2022-05-21,929,31,25,603576,10299,4594,7,1,0.95
2022-05-22,926,31,25,603826,10303,4596,7,1,0.95
2022-05-23,923,31,25,604076,10307,4598,7,1,0.95
2022-05-24,920,31,25,604325,10312,4599,7,1,0.95
2022-05-25,916,31,25,604572,10316,4601,7,1,0.95
2022-05-26,913,30,25,604819,10320,4603,7,1,0.95
2022-05-27,910,30,25,605065,10324,4605,7,1,0.95
2022-05-28,907,30,25,605311,10328,4607,7,1,0.95
2022-05-29,904,30,25,605555,10332,4608,7,1,0.95
2022-05-30,900,30,25,605799,10336,4610,7,1,0.95
2022-05-31,897,30,25,606041,10341,4612,7,1,0.95
2022-06-01,894,30,24,606283,10345,4614,7,1,0.95
2022-06-02,891,30,24,606524,10349,4615,7,1,0.95
2022-06-03,888,30,24,606764,10353,4617,7,1,0.95
2022-06-04,885,30,24,607003,10357,4619,7,1,0.95
2022-06-05,882,29,24,607241,10361,4621,7,1,0.95
2022-06-06,878,29,24,607479,10365,4622,7,1,0.95
2022-06-07,875,29,24,607716,10369,4624,7,1,0.95
2022-06-08,872,29,24,607951,10373,4626,7,1,0.95
2022-06-09,869,29,24,608186,10377,4628,7,1,0.95
2022-06-10,866,29,24,608421,10381,4629,7,1,0.95
2022-06-11,863,29,24,608654,10385,4631,7,1,0.95
2022-06-12,860,29,24,608886,10388,4633,7,1,0.95
2022-06-13,857,29,23,609118,10392,4634,7,1,0.95
2022-06-14,854,29,23,609349,10396,4636,7,1,0.95
2022-06-15,851,28,23,609579,10400,4638,7,1,0.95
2022-06-16,848,28,23,609808,10404,4639,7,1,0.95
2022-06-17,845,28,23,610036,10408,4641,7,1,0.95
2022-06-18,842,28,23,610264,10412,4643,7,1,0.95
2022-06-19,838,28,23,610490,10416,4644,7,1,0.95
2022-06-20,835,28,23,610716,10419,4646,7,1,0.95
2022-06-21,832,28,23,610941,10423,4648,7,1,0.95
2022-06-22,829,28,23,611165,10427,4649,7,1,0.95
2022-06-23,826,28,23,611389,10431,4651,7,1,0.95
2022-06-24,824,28,23,611611,10434,4652,7,1,0.95
2022-06-25,821,27,22,611833,10438,4654,7,1,0.95
2022-06-26,818,27,22,612054,10442,4656,7,1,0.95
2022-06-27,815,27,22,612274,10446,4657,7,1,0.95
2022-06-28,812,27,22,612494,10449,4659,7,1,0.95
2022-06-29,809,27,22,612713,10453,4661,7,1,0.95
2022-06-30,806,27,22,612930,10457,4662,7,1,0.95
2022-07-01,803,27,22,613147,10460,4664,7,1,0.95
2022-07-02,800,27,22,613364,10464,4665,7,1,0.95
2022-07-03,797,27,22,613579,10468,4667,7,1,0.95
2022-07-04,794,27,22,613794,10471,4668,7,1,0.95
2022-07-05,791,26,22,614008,10475,4670,7,1,0.95
2022-07-06,788,26,22,614221,10478,4672,7,1,0.95
2022-07-07,786,26,22,614433,10482,4673,7,1,0.95
2022-07-08,783,26,21,614644,10486,4675,7,1,0.95
2022-07-09,780,26,21,614855,10489,4676,7,1,0.95
2022-07-10,777,26,21,615065,10493,4678,7,1,0.95
2022-07-11,774,26,21,615274,10496,4679,7,1,0.95
2022-07-12,771,26,21,615483,10500,4681,7,1,0.95
2022-07-13,768,26,21,615690,10503,4682,7,1,0.95
2022-07-14,766,26,21,615897,10507,4684,7,1,0.95
2022-07-15,763,26,21,616104,10510,4685,7,1,0.95
2022-07-16,760,25,21,616309,10514,4687,7,1,0.95
2022-07-17,757,25,21,616514,10517,4688,7,1,0.95
2022-07-18,754,25,21,616717,10521,4690,7,1,0.95
2022-07-19,752,25,21,616921,10524,4691,7,1,0.95
2022-07-20,749,25,21,617123,10527,4693,7,1,0.95
2022-07-21,746,25,20,617325,10531,4694,7,1,0.95
2022-07-22,743,25,20,617525,10534,4696,7,1,0.95
2022-07-23,741,25,20,617726,10538,4697,7,1,0.95
2022-07-24,738,25,20,617925,10541,4699,7,1,0.95
2022-07-25,735,25,20,618124,10544,4700,7,1,0.95
2022-07-26,732,24,20,618321,10548,4701,7,1,0.95
2022-07-27,730,24,20,618519,10551,4703,7,1,0.95
2022-07-28,727,24,20,618715,10554,4704,7,1,0.95
2022-07-29,724,24,20,618911,10558,4706,7,1,0.95
2022-07-30,722,24,20,619106,10561,4707,7,1,0.95
2022-07-31,719,24,20,619300,10564,4709,7,1,0.95
2022-08-01,716,24,20,619494,10567,4710,7,1,0.95
2022-08-02,714,24,20,619686,10571,4711,7,1,0.95
2022-08-03,711,24,20,619878,10574,4713,7,1,0.95
2022-08-04,708,24,19,620070,10577,4714,7,1,0.95
2022-08-05,706,24,19,620260,10580,4716,7,1,0.95
2022-08-06,703,24,19,620450,10584,4717,7,1,0.95
2022-08-07,700,23,19,620640,10587,4718,7,1,0.95
2022-08-08,698,23,19,620828,10590,4720,7,1,0.95
2022-08-09,695,23,19,621016,10593,4721,7,1,0.95
2022-08-10,692,23,19,621203,10596,4722,7,1,0.95
2022-08-11,690,23,19,621389,10599,4724,7,1,0.95
2022-08-12,687,23,19,621575,10603,4725,7,1,0.95
2022-08-13,685,23,19,621760,10606,4726,7,1,0.95
2022-08-14,682,23,19,621944,10609,4728,7,1,0.95
2022-08-15,680,23,19,622128,10612,4729,7,1,0.95
2022-08-16,677,23,19,622311,10615,4731,7,1,0.95
2022-08-17,674,23,19,622493,10618,4732,7,1,0.95
2022-08-18,672,22,18,622675,10621,4733,7,1,0.95
2022-08-19,669,22,18,622855,10624,4734,7,1,0.95
2022-08-20,667,22,18,623036,10627,4736,7,1,0.95
2022-08-21,664,22,18,623215,10630,4737,7,1,0.95
2022-08-22,662,22,18,623394,10633,4738,7,1,0.95
2022-08-23,659,22,18,623572,10636,4740,7,1,0.95
2022-08-24,657,22,18,623749,10639,4741,7,1,0.95
2022-08-25,654,22,18,623926,10642,4742,7,1,0.95
2022-08-26,652,22,18,624102,10645,4744,7,1,0.95
2022-08-27,649,22,18,624278,10648,4745,7,1,0.95
2022-08-28,647,22,18,624452,10651,4746,7,1,0.95
2022-08-29,644,22,18,624627,10654,4747,7,1,0.95
2022-08-30,642,21,18,624800,10657,4749,7,1,0.95
2022-08-31,640,21,18,624973,10660,4750,7,1,0.95
2022-09-01,637,21,18,625145,10663,4751,7,1,0.95
2022-09-02,635,21,17,625316,10666,4752,7,1,0.95
2022-09-03,632,21,17,625487,10669,4754,7,1,0.95
2022-09-04,630,21,17,625657,10671,4755,7,1,0.95
2022-09-05,627,21,17,625827,10674,4756,7,1,0.95
2022-09-06,625,21,17,625996,10677,4757,7,1,0.95
2022-09-07,623,21,17,626164,10680,4759,7,1,0.95
2022-09-08,620,21,17,626331,10683,4760,7,1,0.95
2022-09-09,618,21,17,626498,10686,4761,7,1,0.95
2022-09-10,616,21,17,626665,10688,4762,7,1,0.95
2022-09-11,613,21,17,626830,10691,4763,7,1,0.95
2022-09-12,611,20,17,626995,10694,4765,7,1,0.95
2022-09-13,609,20,17,627160,10697,4766,7,1,0.95
2022-09-14,606,20,17,627323,10700,4767,7,1,0.95
2022-09-15,604,20,17,627486,10702,4768,7,1,0.95
2022-09-16,602,20,17,627649,10705,4769,7,1,0.95
2022-09-17,599,20,16,627811,10708,4771,7,1,0.95
2022-09-18,597,20,16,627972,10710,4772,7,1,0.95
2022-09-19,595,20,16,628133,10713,4773,7,1,0.95
2022-09-20,592,20,16,628292,10716,4774,7,1,0.95
2022-09-21,590,20,16,628452,10719,4775,7,1,0.95
2022-09-22,588,20,16,628611,10721,4776,7,1,0.95
2022-09-23,586,20,16,628769,10724,4778,7,1,0.95
2022-09-24,583,20,16,628926,10727,4779,7,1,0.95
2022-09-25,581,19,16,629083,10729,4780,7,1,0.95
2022-09-26,579,19,16,629239,10732,4781,7,1,0.95
2022-09-27,577,19,16,629395,10734,4782,7,1,0.95
2022-09-28,574,19,16,629550,10737,4783,7,1,0.95
2022-09-29,572,19,16,629705,10740,4784,7,1,0.95
2022-09-30,570,19,16,629859,10742,4786,7,1,0.95
2022-10-01,568,19,16,630012,10745,4787,7,1,0.95
2022-10-02,565,19,16,630165,10747,4788,7,1,0.95
2022-10-03,563,19,15,630317,10750,4789,7,1,0.95
2022-10-04,561,19,15,630468,10753,4790,7,1,0.95
2022-10-05,559,19,15,630619,10755,4791,7,1,0.95
2022-10-06,557,19,15,630770,10758,4792,7,1,0.95
2022-10-07,555,19,15,630919,10760,4793,7,1,0.95
2022-10-08,552,19,15,631068,10763,4794,7,1,0.95
2022-10-09,550,18,15,631217,10765,4795,7,1,0.95
2022-10-10,548,18,15,631365,10768,4797,7,1,0.95
2022-10-11,546,18,15,631512,10770,4798,7,1,0.95
2022-10-12,544,18,15,631659,10773,4799,7,1,0.95
2022-10-13,542,18,15,631806,10775,4800,7,1,0.95
2022-10-14,540,18,15,631951,10778,4801,7,1,0.95
2022-10-15,537,18,15,632096,10780,4802,7,1,0.95
2022-10-16,535,18,15,632241,10783,4803,7,1,0.95
2022-10-17,533,18,15,632385,10785,4804,7,1,0.95
2022-10-18,531,18,15,632528,10787,4805,7,1,0.95
2022-10-19,529,18,15,632671,10790,4806,7,1,0.95
2022-10-20,527,18,15,632814,10792,4807,7,1,0.95
2022-10-21,525,18,14,632955,10795,4808,7,1,0.95
2022-10-22,523,18,14,633096,10797,4809,7,1,0.95
2022-10-23,521,17,14,633237,10799,4810,7,1,0.95
2022-10-24,519,17,14,633377,10802,4811,7,1,0.95
2022-10-25,517,17,14,633517,10804,4812,7,1,0.95
2022-10-26,515,17,14,633656,10806,4813,7,1,0.95
2022-10-27,513,17,14,633794,10809,4814,7,1,0.95
2022-10-28,511,17,14,633932,10811,4815,7,1,0.95
2022-10-29,509,17,14,634069,10813,4816,7,1,0.95
2022-10-30,507,17,14,634206,10816,4817,7,1,0.95
2022-10-31,505,17,14,634342,10818,4818,7,1,0.95
2022-11-01,503,17,14,634478,10820,4819,7,1,0.95
2022-11-02,501,17,14,634613,10823,4820,7,1,0.95
2022-11-03,499,17,14,634748,10825,4821,7,1,0.95
2022-11-04,497,17,14,634882,10827,4822,7,1,0.95
2022-11-05,495,17,14,635016,10829,4823,7,1,0.95
2022-11-06,493,17,14,635149,10832,4824,7,1,0.95
2022-11-07,491,16,14,635281,10834,4825,7,1,0.95
2022-11-08,489,16,13,635413,10836,4826,7,1,0.95
2022-11-09,487,16,13,635545,10838,4827,7,1,0.95
2022-11-10,485,16,13,635676,10841,4828,7,1,0.95
2022-11-11,483,16,13,635806,10843,4829,7,1,0.95
2022-11-12,481,16,13,635936,10845,4830,7,1,0.95
2022-11-13,479,16,13,636066,10847,4831,7,1,0.95
2022-11-14,477,16,13,636194,10849,4832,7,1,0.95
2022-11-15,476,16,13,636323,10851,4833,7,1,0.95
2022-11-16,474,16,13,636451,10854,4834,7,1,0.95
2022-11-17,472,16,13,636578,10856,4835,7,1,0.95
2022-11-18,470,16,13,636705,10858,4835,7,1,0.95
2022-11-19,468,16,13,636831,10860,4836,7,1,0.95
2022-11-20,466,16,13,636957,10862,4837,7,1,0.95
2022-11-21,464,16,13,637082,10864,4838,7,1,0.95
2022-11-22,462,16,13,637207,10866,4839,7,1,0.95
2022-11-23,461,15,13,637332,10869,4840,7,1,0.95
2022-11-24,459,15,13,637456,10871,4841,7,1,0.95
2022-11-25,457,15,13,637579,10873,4842,7,1,0.95
2022-11-26,455,15,13,637702,10875,4843,7,1,0.95
2022-11-27,453,15,12,637824,10877,4844,7,1,0.95
2022-11-28,452,15,12,637946,10879,4845,7,1,0.95
2022-11-29,450,15,12,638067,10881,4845,7,1,0.95
2022-11-30,448,15,12,638188,10883,4846,7,1,0.95
2022-12-01,446,15,12,638309,10885,4847,7,1,0.95
2022-12-02,444,15,12,638429,10887,4848,7,1,0.95
2022-12-03,443,15,12,638548,10889,4849,7,1,0.95
2022-12-04,441,15,12,638667,10891,4850,7,1,0.95
2022-12-05,439,15,12,638786,10893,4851,7,1,0.95
2022-12-06,437,15,12,638904,10895,4852,7,1,0.95
2022-12-07,436,15,12,639021,10897,4852,7,1,0.95
2022-12-08,434,15,12,639138,10899,4853,7,1,0.95
2022-12-09,432,14,12,639255,10901,4854,7,1,0.95
2022-12-10,430,14,12,639371,10903,4855,7,1,0.95
2022-12-11,429,14,12,639487,10905,4856,7,1,0.95
2022-12-12,427,14,12,639602,10907,4857,7,1,0.95
2022-12-13,425,14,12,639717,10909,4857,7,1,0.95
2022-12-14,423,14,12,639831,10911,4858,7,1,0.95
2022-12-15,422,14,12,639945,10913,4859,7,1,0.95
2022-12-16,420,14,12,640058,10915,4860,7,1,0.95
2022-12-17,418,14,12,640171,10916,4861,7,1,0.95
2022-12-18,417,14,11,640283,10918,4862,7,1,0.95
2022-12-19,415,14,11,640395,10920,4862,7,1,0.95
2022-12-20,413,14,11,640507,10922,4863,7,1,0.95
2022-12-21,412,14,11,640618,10924,4864,7,1,0.95
2022-12-22,410,14,11,640729,10926,4865,7,1,0.95
2022-12-23,408,14,11,640839,10928,4866,7,1,0.95
2022-12-24,407,14,11,640949,10930,4866,7,1,0.95
2022-12-25,405,14,11,641058,10931,4867,7,1,0.95
2022-12-26,403,14,11,641167,10933,4868,7,1,0.95
2022-12-27,402,13,11,641275,10935,4869,7,1,0.95
2022-12-28,400,13,11,641383,10937,4870,7,1,0.95
2022-12-29,399,13,11,641491,10939,4870,7,1,0.95
2022-12-30,397,13,11,641598,10941,4871,7,1,0.95
2022-12-31,395,13,11,641705,10942,4872,7,1,0.95
2023-01-01,394,13,11,641811,10944,4873,7,1,0.95
2023-01-02,392,13,11,641917,10946,4874,7,1,0.95
2023-01-03,391,13,11,642022,10948,4874,7,1,0.95
2023-01-04,389,13,11,642127,10950,4875,7,1,0.95
2023-01-05,387,13,11,642232,10951,4876,7,1,0.95
2023-01-06,386,13,11,642336,10953,4877,7,1,0.95
2023-01-07,384,13,11,642439,10955,4877,7,1,0.95
2023-01-08,383,13,11,642543,10957,4878,7,1,0.95
2023-01-09,381,13,11,642645,10958,4879,7,1,0.95
2023-01-10,380,13,10,642748,10960,4880,7,1,0.95
2023-01-11,378,13,10,642850,10962,4880,7,1,0.95
2023-01-12,376,13,10,642951,10963,4881,7,1,0.95
2023-01-13,375,13,10,643053,10965,4882,7,1,0.95
2023-01-14,373,13,10,643153,10967,4883,7,1,0.95
2023-01-15,372,12,10,643254,10969,4883,7,1,0.95
2023-01-16,370,12,10,643354,10970,4884,7,1,0.95
2023-01-17,369,12,10,643453,10972,4885,7,1,0.95
2023-01-18,367,12,10,643552,10974,4885,7,1,0.95
2023-01-19,366,12,10,643651,10975,4886,7,1,0.95
2023-01-20,364,12,10,643749,10977,4887,7,1,0.95
2023-01-21,363,12,10,643847,10979,4888,7,1,0.95
2023-01-22,361,12,10,643945,10980,4888,7,1,0.95
2023-01-23,360,12,10,644042,10982,4889,7,1,0.95
